{"type":"View","props":{"width":656,"height":942},"compId":2,"child":[{"type":"Box","props":{"y":0,"x":0,"width":656,"height":942},"compId":7,"child":[{"type":"Image","props":{"y":62,"x":0,"width":656,"skin":"images/component/common_bg_frame.png","sizeGrid":"77,68,77,73","height":876},"compId":3},{"type":"Sprite","props":{"y":0,"x":143,"texture":"images/component/title_bg_01.png"},"compId":4},{"type":"Label","props":{"y":18,"x":278,"text":"任务","strokeColor":"#5e2818","stroke":2,"fontSize":50,"color":"#fff4c0"},"compId":5},{"type":"Label","props":{"y":950,"x":243.5,"text":"点击空白处关闭","fontSize":24,"color":"#ffffff","align":"center"},"compId":6},{"type":"List","props":{"y":108,"x":33,"width":590,"var":"lists","spaceY":5,"repeatX":1,"height":779},"compId":8,"child":[{"type":"Box","props":{"renderType":"render"},"compId":10,"child":[{"type":"TaskItem","props":{"y":0,"x":0,"runtime":"module/task/view/TaskItem.ts","name":"item"},"compId":9}]}]},{"type":"Label","props":{"y":446,"x":228,"var":"txt_noTask","text":"暂无任务","fontSize":50,"color":"#7f3635"},"compId":11}]}],"loadList":["images/component/common_bg_frame.png","images/component/title_bg_01.png","moduleView/task/TaskItem.scene"],"loadList3D":[]}