{"type":"View","props":{"width":590,"height":114},"compId":2,"child":[{"type":"Sprite","props":{"y":0,"x":0,"texture":"images/task/game_task_cell_bg.png"},"compId":3},{"type":"Image","props":{"y":21,"x":15,"width":72,"skin":"images/component/common_frame_1.png","sizeGrid":"32,30,30,31","height":72},"compId":5},{"type":"Sprite","props":{"y":37,"x":31,"texture":"images/task/game_task_cell_icon.png"},"compId":4},{"type":"Button","props":{"y":31,"x":469,"var":"btn_get","stateNum":1,"skin":"images/component/btn_01.png","labelSize":25,"labelPadding":"-1,0,0,0","labelColors":"#8b2811,#8b2811,#8b2811,#8b2811","labelAlign":"center","label":"领取","disabled":true},"compId":6,"child":[{"type":"Script","props":{"runtime":"module/common/component/ScaleAnimScript.ts"},"compId":11}]},{"type":"Label","props":{"y":21,"x":93,"var":"txt_title","text":"完成车辆合成30次 (0/30)","fontSize":30,"color":"#8b2811"},"compId":7},{"type":"Sprite","props":{"y":63.5,"x":94,"texture":"images/common/game_diamondIcon.png"},"compId":8},{"type":"Label","props":{"y":69.5,"x":157,"var":"txt_diamond","text":"+100","fontSize":30,"color":"#8b2811"},"compId":9},{"type":"Label","props":{"y":68.5,"x":252,"var":"txt_extra","text":"额外奖励200","fontSize":30,"color":"#cf0000"},"compId":10},{"type":"Label","props":{"y":82,"x":478.5,"var":"btn_go","underline":true,"text":"立刻前往","fontSize":22,"color":"#2b8147"},"compId":12}],"loadList":["images/task/game_task_cell_bg.png","images/component/common_frame_1.png","images/task/game_task_cell_icon.png","images/component/btn_01.png","images/common/game_diamondIcon.png"],"loadList3D":[]}