{"type":"View","props":{"width":594,"runtime":"module/rank/view/RankItem.ts","height":116},"compId":2,"child":[{"type":"Sprite","props":{"y":0,"x":0,"texture":"images/rank/cell_bg.png"},"compId":3},{"type":"Image","props":{"y":13,"x":105,"width":90,"var":"imgHead","skin":"images/rank/headIcon.png","sizeGrid":"23,25,23,21","height":90},"compId":5},{"type":"Sprite","props":{"y":30,"x":207,"texture":"images/rank/cell_gps.png"},"compId":6},{"type":"Image","props":{"y":8,"x":5,"visible":false,"var":"imgRank","skin":"images/rank/cell_top1.png"},"compId":12},{"type":"Box","props":{"y":20,"x":360,"visible":false,"var":"box_price"},"compId":13,"child":[{"type":"Sprite","props":{"texture":"images/rank/cell_coin_bg.png"},"compId":9},{"type":"Sprite","props":{"y":10,"x":15,"texture":"images/rank/coin.png"},"compId":10},{"type":"Label","props":{"y":23,"x":73,"var":"txt_score","text":"0","fontSize":30,"color":"#8b2811"},"compId":11}]},{"type":"Label","props":{"y":43,"x":38,"var":"txt_rank","text":"1","fontSize":30,"color":"#8b2811"},"compId":4},{"type":"Label","props":{"y":28,"x":231,"var":"txt_position","text":"火星","fontSize":30,"color":"#8b2811"},"compId":7},{"type":"Label","props":{"y":64,"x":209,"var":"txt_name","text":"名字","fontSize":26,"color":"#8b2811"},"compId":8},{"type":"Box","props":{"y":28,"x":401,"var":"box_title"},"compId":16,"child":[{"type":"Sprite","props":{"texture":"images/common/token.png","scaleY":0.5,"scaleX":0.5},"compId":14},{"type":"Label","props":{"y":15,"x":63,"var":"txt_title","text":"大将军","strokeColor":"#625858","stroke":2,"fontSize":30,"color":"#8b2811"},"compId":15}]}],"loadList":["images/rank/cell_bg.png","images/rank/headIcon.png","images/rank/cell_gps.png","images/rank/cell_top1.png","images/rank/cell_coin_bg.png","images/rank/coin.png","images/common/token.png"],"loadList3D":[]}