{"type":"View","props":{"width":660,"height":1036},"compId":2,"child":[{"type":"Box","props":{"y":0,"x":0,"width":660,"height":1036},"compId":7,"child":[{"type":"Image","props":{"y":62,"width":660,"skin":"images/component/common_bg_frame.png","sizeGrid":"77,68,77,73","height":970},"compId":3},{"type":"Sprite","props":{"x":143,"texture":"images/component/title_bg_01.png"},"compId":4},{"type":"Label","props":{"y":18,"x":230,"text":"武林大会","strokeColor":"#5e2818","stroke":2,"fontSize":50,"color":"#fff4c0"},"compId":5},{"type":"Label","props":{"y":1040,"x":243,"text":"点击空白处关闭","fontSize":24,"color":"#ffffff","align":"center"},"compId":6},{"type":"Label","props":{"y":504,"x":230,"visible":true,"var":"txt_noRank","text":"暂无排名","fontSize":50,"color":"#ffffff"},"compId":16},{"type":"List","props":{"y":454,"x":33,"width":594,"visible":false,"var":"lists","repeatX":1,"height":465},"compId":9,"child":[{"type":"Box","props":{"renderType":"render"},"compId":11,"child":[{"type":"RankItem","props":{"y":0,"x":0,"name":"item","runtime":"module/rank/view/RankItem.ts"},"compId":10}]}]},{"type":"Tab","props":{"y":110,"x":80,"var":"tab_rank","stateNum":2,"space":40,"skin":"images/rank/tap_ranking.png","selectedIndex":0,"labels":"武将榜,收益榜","labelStrokeColor":"#8b2811","labelStroke":2,"labelSize":40,"labelPadding":"0,0,2,0","labelColors":"#8b2811,#8b2811"},"compId":8},{"type":"Sprite","props":{"y":931,"x":197,"visible":false,"var":"imgMyRank","texture":"images/rank/mytop.png"},"compId":12,"child":[{"type":"Label","props":{"y":9,"x":73,"text":"我的排名","fontSize":30,"color":"#ffe7b3"},"compId":13},{"type":"Label","props":{"y":39,"x":68,"width":129,"var":"txt_myRank","text":"0","height":30,"fontSize":30,"color":"#ffe7b3","align":"center"},"compId":14}]},{"type":"Sprite","props":{"y":264,"x":134,"visible":false,"var":"imgBase","texture":"images/rank/rank_king.jpg","scaleY":0.6,"scaleX":0.6},"compId":18,"child":[{"type":"Label","props":{"y":55,"x":38,"width":175,"visible":false,"var":"txt_name1","text":"第二名:xx","strokeColor":"#000000","stroke":2,"fontSize":30,"color":"#ffffff","align":"center"},"compId":26},{"type":"Label","props":{"y":55,"x":455,"width":175,"visible":false,"var":"txt_name2","text":"第三名:xx","strokeColor":"#000000","stroke":2,"fontSize":30,"color":"#ffffff","align":"center"},"compId":27},{"type":"Label","props":{"y":265,"x":238,"width":175,"visible":false,"var":"txt_name0","text":"第一名:xx","strokeColor":"#000000","stroke":2,"fontSize":30,"color":"#ffffff","align":"center"},"compId":28},{"type":"Sprite","props":{"y":143,"x":342,"var":"pos_0"},"compId":23},{"type":"Sprite","props":{"y":22,"x":132,"var":"pos_1"},"compId":24},{"type":"Sprite","props":{"y":22,"x":542,"var":"pos_2"},"compId":25}]}]}],"loadList":["images/component/common_bg_frame.png","images/component/title_bg_01.png","moduleView/rank/RankItem.scene","images/rank/tap_ranking.png","images/rank/mytop.png","images/rank/rank_king.jpg"],"loadList3D":[]}