{"type":"View","props":{},"compId":2,"child":[{"type":"HBox","props":{},"compId":3,"child":[{"type":"Label","props":{"text":"恭喜玩家","strokeColor":"#946430","stroke":2,"fontSize":22,"color":"#fefefe"},"compId":4},{"type":"Label","props":{"y":0,"x":92,"var":"txt_name","text":"\"虚拟代位\"","strokeColor":"#946430","stroke":2,"fontSize":22,"color":"#fff272"},"compId":5},{"type":"Label","props":{"y":0,"x":197,"text":"抽中","strokeColor":"#946430","stroke":2,"fontSize":22,"color":"#fefefe"},"compId":6},{"type":"Label","props":{"y":0,"x":243,"var":"txt_reward","text":"大量钻石x888","strokeColor":"#946430","stroke":2,"fontSize":22,"color":"#fff272"},"compId":7}]}],"loadList":[],"loadList3D":[]}