{"type":"Scene","props":{"width":750,"runtime":"module/login/view/LoginScene.ts","height":1334,"autoDestroyAtClosed":true},"compId":2,"child":[{"type":"Sprite","props":{"y":0,"x":0,"texture":"images/login/loading_bg.jpg"},"compId":3},{"type":"Label","props":{"y":985,"x":76,"width":598,"visible":false,"var":"txt_pro","text":"加载中","height":50,"fontSize":50,"color":"#dddd2d","align":"center"},"compId":6},{"type":"Sprite","props":{"y":0,"x":0,"var":"imgStart","texture":"images/login/start_bg.jpg"},"compId":7},{"type":"Label","props":{"y":1072,"x":375,"visible":false,"var":"txt_tips","text":"点击任意位置进入游戏","strokeColor":"#030303","stroke":2,"fontSize":30,"color":"#ffffff","anchorY":0.5,"anchorX":0.5},"compId":8},{"type":"Label","props":{"y":1227,"x":375,"text":"健康游戏公告","strokeColor":"#030303","stroke":2,"fontSize":24,"color":"#ffffff","anchorY":0.5,"anchorX":0.5},"compId":9},{"type":"Label","props":{"y":1268,"x":375,"text":"抵制不良游戏，拒绝盗版游戏。注意自我保护，谨防受骗上当。","strokeColor":"#030303","stroke":2,"fontSize":24,"color":"#ffffff","anchorY":0.5,"anchorX":0.5},"compId":10},{"type":"Label","props":{"y":1303,"x":375,"text":"适度游戏益脑，沉迷游戏伤身。合理安排时间，享受健康生活。","strokeColor":"#030303","stroke":2,"fontSize":24,"color":"#ffffff","anchorY":0.5,"anchorX":0.5},"compId":11}],"loadList":["images/login/loading_bg.jpg","images/login/start_bg.jpg"],"loadList3D":[]}