{"type":"View","props":{"width":410,"height":282},"compId":2,"child":[{"type":"Box","props":{"y":0,"x":0,"width":410,"height":282},"compId":11,"child":[{"type":"Sprite","props":{"y":98,"x":16,"texture":"images/component/game_diamond_buy_bg.png"},"compId":3},{"type":"Sprite","props":{"texture":"images/component/common_dialog_title_bg.png"},"compId":4},{"type":"Button","props":{"y":51,"x":335,"var":"btn_close","stateNum":1,"skin":"images/component/game_close_btn.png","scaleY":0.8,"scaleX":0.8},"compId":5,"child":[{"type":"Script","props":{"runtime":"module/common/component/ScaleAnimScript.ts"},"compId":6}]},{"type":"Label","props":{"y":51,"x":93,"width":232,"var":"txt_title","text":"购买","strokeColor":"#ffcc69","stroke":2,"height":36,"fontSize":36,"color":"#c7412c","align":"center"},"compId":10},{"type":"Button","props":{"y":155,"x":114,"var":"btn_buy","stateNum":1,"skin":"images/component/game_diamond_buy_btn.png"},"compId":12,"child":[{"type":"Sprite","props":{"y":16,"x":14,"texture":"images/common/game_diamondIcon.png"},"compId":8},{"type":"Label","props":{"y":15,"x":79,"var":"txt_diamond","text":"0","fontSize":40,"color":"#731d0e"},"compId":9}]}]}],"loadList":["images/component/game_diamond_buy_bg.png","images/component/common_dialog_title_bg.png","images/component/game_close_btn.png","images/component/game_diamond_buy_btn.png","images/common/game_diamondIcon.png"],"loadList3D":[]}