{"type":"View","props":{"width":477,"height":683},"compId":2,"child":[{"type":"Box","props":{"y":0,"x":0,"width":477,"height":683},"compId":13,"child":[{"type":"SkeletonPlayer","props":{"y":333,"x":239,"url":"images/boneAnim/common/bglight.sk","runtime":"laya.ani.bone.Skeleton"},"compId":5},{"type":"Sprite","props":{"texture":"images/component/common_title_bg.png"},"compId":3},{"type":"Label","props":{"y":27,"x":119,"text":"铜钱不足","strokeColor":"#5e2818","stroke":2,"fontSize":60,"color":"#fff4c0"},"compId":4},{"type":"Sprite","props":{"y":218,"x":116,"texture":"images/common/game_hearIcon_big.png"},"compId":6},{"type":"Label","props":{"y":463,"x":67,"width":343,"var":"txt_price","text":"0","height":50,"fontSize":50,"color":"#ffffff","align":"center"},"compId":7},{"type":"Button","props":{"y":560,"x":77,"width":324,"var":"btn_get","stateNum":1,"skin":"images/component/game_diamond_buy_btn.png","sizeGrid":"33,76,33,63"},"compId":8,"child":[{"type":"Sprite","props":{"y":15,"x":53,"texture":"images/common/video_icon.png"},"compId":9},{"type":"Label","props":{"y":20,"x":96,"var":"txt_btn","text":"看视频领铜钱","fontSize":30,"color":"#722900"},"compId":10}]},{"type":"Label","props":{"y":650,"x":155,"var":"txt_lastTime","text":"今天剩余0次","fontSize":30,"color":"#ffffff"},"compId":11},{"type":"Label","props":{"y":691,"x":169,"text":"点击空白处关闭","fontSize":20,"color":"#ffffff","align":"center"},"compId":12}]}],"loadList":["images/boneAnim/common/bglight.sk","images/component/common_title_bg.png","images/common/game_hearIcon_big.png","images/component/game_diamond_buy_btn.png","images/common/video_icon.png"],"loadList3D":[]}