{"type":"View","props":{"width":693,"height":698},"compId":2,"child":[{"type":"Box","props":{"y":0,"x":0,"width":693,"height":698},"compId":28,"child":[{"type":"Sprite","props":{"x":107,"texture":"images/component/common_title_bg.png"},"compId":3},{"type":"Label","props":{"y":28,"x":226,"text":"恭喜升级","strokeColor":"#5e2818","stroke":2,"fontSize":60,"color":"#fff4c0"},"compId":4},{"type":"Label","props":{"y":165,"x":163,"width":366,"var":"txt_levelGift","text":"1级礼包","height":50,"fontSize":50,"color":"#ffffff","align":"center"},"compId":5},{"type":"Box","props":{"y":260},"compId":9,"child":[{"type":"Image","props":{"y":41,"width":340,"skin":"images/component/common_bg_frame.png","sizeGrid":"60,60,60,60","height":340},"compId":8},{"type":"Image","props":{"y":0,"x":61,"width":218,"skin":"images/component/title_bg_01.png","sizeGrid":"0,0,0,0","height":80},"compId":7},{"type":"Label","props":{"y":19,"x":90,"text":"普通礼包","strokeColor":"#5e2818","stroke":2,"fontSize":40,"color":"#fff4c0"},"compId":10},{"type":"Image","props":{"y":115.5,"x":20.5,"width":299,"skin":"images/component/common_frame_1.png","sizeGrid":"27,29,30,21","height":191},"compId":11},{"type":"Button","props":{"y":344,"x":62,"width":216,"var":"btn_get","stateNum":1,"skin":"images/component/anjian_01.png","labelStrokeColor":"#5e2818","labelStroke":2,"labelSize":35,"labelPadding":"-3,0,0,0","labelColors":"#fff4c0,#fff4c0,#fff4c0,#fff4c0","label":"领取","height":76},"compId":12},{"type":"Sprite","props":{"y":139,"x":43,"texture":"images/common/home_level_prizeItem1.png"},"compId":20},{"type":"Sprite","props":{"y":139,"x":178,"texture":"images/common/home_level_prizeItem2.png"},"compId":21},{"type":"Label","props":{"y":261,"x":54,"width":93,"var":"txt_acc","text":"30s","height":30,"fontSize":30,"color":"#000000","align":"center"},"compId":22},{"type":"Label","props":{"y":261,"x":190.5,"width":93,"var":"txt_gold","text":"1000","height":30,"fontSize":30,"color":"#000000","align":"center"},"compId":23}]},{"type":"Box","props":{"y":260,"x":353},"compId":14,"child":[{"type":"Image","props":{"y":41,"width":340,"skin":"images/component/common_bg_frame.png","sizeGrid":"60,60,60,60","height":340},"compId":15},{"type":"Image","props":{"y":0,"x":61,"width":218,"skin":"images/component/title_bg_01.png","sizeGrid":"0,0,0,0","height":80},"compId":16},{"type":"Label","props":{"y":19,"x":90,"text":"高级礼包","strokeColor":"#5e2818","stroke":2,"fontSize":40,"color":"#fff4c0"},"compId":17},{"type":"Image","props":{"y":115.5,"x":20.5,"width":299,"skin":"images/component/common_frame_1.png","sizeGrid":"27,29,30,21","height":191},"compId":18},{"type":"SkeletonPlayer","props":{"y":204,"x":170,"url":"images/boneAnim/common/bglight.sk","scaleY":0.5,"scaleX":0.5,"runtime":"laya.ani.bone.Skeleton"},"compId":6},{"type":"Button","props":{"y":344,"x":62,"width":216,"var":"btn_share","stateNum":1,"skin":"images/component/anjian_01.png","labelStrokeColor":"#5e2818","labelStroke":2,"labelSize":35,"labelPadding":"-3,0,0,0","labelColors":"#fff4c0,#fff4c0,#fff4c0,#fff4c0","label":"炫耀","height":76},"compId":19},{"type":"Sprite","props":{"y":139,"x":111,"texture":"images/common/home_level_prizeItem3.png"},"compId":24},{"type":"Label","props":{"y":261,"x":123,"width":93,"var":"txt_diamond","text":"1000","height":30,"fontSize":30,"color":"#000000","align":"center"},"compId":25}]},{"type":"Label","props":{"y":718,"x":276,"text":"点击空白处关闭","fontSize":20,"color":"#ffffff","align":"center"},"compId":26}]}],"loadList":["images/component/common_title_bg.png","images/component/common_bg_frame.png","images/component/title_bg_01.png","images/component/common_frame_1.png","images/component/anjian_01.png","images/common/home_level_prizeItem1.png","images/common/home_level_prizeItem2.png","images/boneAnim/common/bglight.sk","images/common/home_level_prizeItem3.png"],"loadList3D":[]}