{"type":"View","props":{},"compId":2,"child":[{"type":"Image","props":{"y":0,"x":0,"var":"imgBg","skin":"images/component/frame_tips_bg.png","sizeGrid":"36,101,32,104"},"compId":4},{"type":"Sprite","props":{"y":18,"x":20,"texture":"images/common/core_tips_icon.png"},"compId":3},{"type":"Label","props":{"y":20,"x":60,"var":"txt_content","text":"消息提示","fontSize":30,"color":"#ffffff"},"compId":5}],"loadList":["images/component/frame_tips_bg.png","images/common/core_tips_icon.png"],"loadList3D":[]}