{"type":"View","props":{"width":477,"height":668},"compId":2,"child":[{"type":"Box","props":{"y":0,"x":0,"width":477,"height":668},"compId":14,"child":[{"type":"SkeletonPlayer","props":{"y":336,"x":237.5,"url":"images/boneAnim/common/bglight.sk","runtime":"laya.ani.bone.Skeleton"},"compId":6},{"type":"Sprite","props":{"x":-0.5,"texture":"images/component/common_title_bg.png"},"compId":3},{"type":"Sprite","props":{"y":222,"x":115.5,"texture":"images/common/game_hearIcon_big.png"},"compId":5},{"type":"Label","props":{"y":27,"x":118.5,"text":"离线奖励","strokeColor":"#5e2818","stroke":2,"fontSize":60,"color":"#fff4c0"},"compId":4},{"type":"Label","props":{"y":497,"x":55.5,"width":366,"var":"txt_gold","text":"0","height":50,"fontSize":50,"color":"#ffffff","align":"center"},"compId":7},{"type":"Label","props":{"y":685,"x":168.5,"text":"点击空白处关闭","fontSize":20,"color":"#ffffff","align":"center"},"compId":13},{"type":"Button","props":{"y":592,"x":76.5,"width":324,"var":"btn_get","stateNum":1,"skin":"images/component/game_diamond_buy_btn.png","sizeGrid":"33,76,33,63"},"compId":8,"child":[{"type":"Sprite","props":{"y":15,"x":43,"texture":"images/common/video_icon.png"},"compId":9},{"type":"Label","props":{"y":20,"x":86,"text":"看视频","fontSize":30,"color":"#722900"},"compId":10},{"type":"Sprite","props":{"y":7,"x":193,"texture":"images/common/coin.png"},"compId":11},{"type":"Label","props":{"y":20,"x":249,"text":"x8","fontSize":30,"color":"#722900"},"compId":12}]}]}],"loadList":["images/boneAnim/common/bglight.sk","images/component/common_title_bg.png","images/common/game_hearIcon_big.png","images/component/game_diamond_buy_btn.png","images/common/video_icon.png","images/common/coin.png"],"loadList3D":[]}