{"type":"View","props":{"width":678,"height":1072},"compId":2,"child":[{"type":"Box","props":{"y":0,"x":0,"width":678,"height":1072},"compId":13,"child":[{"type":"Sprite","props":{"x":100,"texture":"images/component/common_title_bg.png"},"compId":3},{"type":"Image","props":{"y":526,"x":339,"var":"imgBg","skin":"images/luckPrize/luck_huanpan.png","rotation":0,"anchorY":0.5,"anchorX":0.5},"compId":4},{"type":"Button","props":{"y":498,"x":339,"var":"btn_start","stateNum":1,"skin":"images/luckPrize/luck_go.png","anchorY":0.5,"anchorX":0.5},"compId":5,"child":[{"type":"Script","props":{"runtime":"module/common/component/ScaleAnimScript.ts"},"compId":6},{"type":"Image","props":{"y":155,"x":108,"var":"imgDiamond","skin":"images/common/game_diamondIcon.png","anchorY":0,"anchorX":1},"compId":7},{"type":"Label","props":{"y":159,"x":108,"var":"txt_diamond","text":"80","fontSize":30,"color":"#651303"},"compId":8}]},{"type":"Label","props":{"y":1081,"x":255,"text":"点击空白处关闭","fontSize":24,"color":"#ffffff","align":"center"},"compId":11},{"type":"Label","props":{"y":28,"x":219,"text":"幸运抽奖","strokeColor":"#5e2818","stroke":2,"fontSize":60,"color":"#fff4c0","align":"center"},"compId":12},{"type":"Sprite","props":{"y":867,"x":179,"texture":"images/luckPrize/luck_label_bg.png"},"compId":14,"child":[{"type":"Sprite","props":{"y":15,"x":35,"var":"imgMagnification","texture":"images/luckPrize/luck_1.png"},"compId":15}]},{"type":"Sprite","props":{"y":109,"x":229,"texture":"images/luckPrize/luck_price_bg.png"},"compId":16},{"type":"Image","props":{"y":958,"x":82,"width":514,"var":"rollBg","skin":"images/luckPrize/luck_lottery_bg.png","sizeGrid":"38,61,44,94","height":107},"compId":17},{"type":"Box","props":{"y":963,"x":85,"width":507,"var":"rollBox","height":97},"compId":18},{"type":"Sprite","props":{"y":123,"x":250,"texture":"images/common/game_diamondIcon.png"},"compId":19},{"type":"Label","props":{"y":121,"x":314.8154296875,"var":"txt_myDiamond","text":"0","fontSize":40,"color":"#ffffff"},"compId":20}]}],"loadList":["images/component/common_title_bg.png","images/luckPrize/luck_huanpan.png","images/luckPrize/luck_go.png","images/common/game_diamondIcon.png","images/luckPrize/luck_label_bg.png","images/luckPrize/luck_1.png","images/luckPrize/luck_price_bg.png","images/luckPrize/luck_lottery_bg.png"],"loadList3D":[]}