{"type":"View","props":{"width":477,"height":618},"compId":2,"child":[{"type":"Box","props":{"y":0,"x":0,"width":477,"height":618},"compId":11,"child":[{"type":"Sprite","props":{"texture":"images/component/common_title_bg.png"},"compId":3,"child":[{"type":"Label","props":{"y":27,"x":149,"text":"恭喜您","strokeColor":"#5e2818","stroke":2,"fontSize":60,"color":"#fff4c0","align":"center"},"compId":10}]},{"type":"SkeletonPlayer","props":{"y":368,"x":239,"url":"images/boneAnim/common/bglight.sk","runtime":"laya.ani.bone.Skeleton"},"compId":6},{"type":"Image","props":{"y":358,"x":238,"var":"imgIcon","skin":"images/luckPrize/luck_prize_1.png","anchorY":0.5,"anchorX":0.5},"compId":5},{"type":"Label","props":{"y":555,"x":5,"width":467,"var":"txt_name","text":"奖励物品","height":30,"fontSize":30,"color":"#ffffff","align":"center"},"compId":8},{"type":"Label","props":{"y":627,"x":168,"text":"点击空白处关闭","fontSize":20,"color":"#ffffff","align":"center"},"compId":9}]}],"loadList":["images/component/common_title_bg.png","images/boneAnim/common/bglight.sk","images/luckPrize/luck_prize_1.png"],"loadList3D":[]}