{"type":"Scene","props":{"width":515,"height":721},"compId":2,"child":[{"type":"Box","props":{"y":0,"x":0,"width":515,"height":721},"compId":10,"child":[{"type":"SkeletonPlayer","props":{"y":360.5,"x":257,"url":"images/boneAnim/common/bglight.sk","runtime":"laya.ani.bone.Skeleton"},"compId":5},{"type":"Image","props":{"y":0,"x":52,"var":"imgTitle","skin":"images/luckPrize/luck_item_title_2.png"},"compId":3},{"type":"Sprite","props":{"y":227,"x":57,"texture":"images/luckPrize/luck_item_box.png"},"compId":4},{"type":"Button","props":{"y":651,"x":257,"width":305,"var":"btn_adv","stateNum":1,"skin":"images/component/btn_01.png","sizeGrid":"22,40,21,31","labelStrokeColor":"#946430","labelStroke":2,"labelSize":40,"labelPadding":"0,0,0,30","labelColors":"#ffffff,#ffffff,#ffffff,#ffffff","label":"免费抽1次","height":110,"anchorY":0.5,"anchorX":0.5},"compId":7,"child":[{"type":"Sprite","props":{"y":26,"x":32,"texture":"images/common/video_icon.png","scaleY":1.5,"scaleX":1.5},"compId":8},{"type":"Script","props":{"runtime":"module/common/component/ScaleAnimScript.ts"},"compId":9}]},{"type":"Label","props":{"y":741,"x":137,"text":"点击空白处关闭","fontSize":20,"color":"#ffffff","align":"center"},"compId":11}]}],"loadList":["images/boneAnim/common/bglight.sk","images/luckPrize/luck_item_title_2.png","images/luckPrize/luck_item_box.png","images/component/btn_01.png","images/common/video_icon.png"],"loadList3D":[]}