{"images/boneAnim/effect/rollingCoin.json":["rollingCoin/",["j01_00.png","j01_01.png","j01_02.png","j01_03.png","j01_04.png","j01_05.png","j01_06.png","j01_07.png"]],"res/atlas/images/common.atlas":["images/common/",["coin.png","core_tips_icon.png","fenxiang_icon.png","game_diamondIcon.png","game_hearIcon_big.png","home_level_prizeItem1.png","home_level_prizeItem2.png","home_level_prizeItem3.png","load_Reel.png","red_point_big.png","share_cell_diamond.png","star2.png","token.png","video_icon.png"]],"res/atlas/images/component.atlas":["images/component/",["anjian_003.png","anjian_01.png","btn_01.png","common_bg_frame.png","common_dialog_title_bg.png","common_frame_1.png","common_title_bg.png","frame_tips_bg.png","game_close_btn.png","game_dialogue_frame.png","game_diamond_bg.png","game_diamond_buy_bg.png","game_diamond_buy_btn.png","off.png","tip_bg.png","tipskuang.png","title_bg_01.png"]],"res/atlas/images/daySign.atlas":["images/daySign/",["day_prize_bg.png","day_prize_get.png","day_prize_getBtn.png","day_prize_get_no.png","day_prize_item1.png","day_prize_item1_gray.png","day_prize_item2.png","day_prize_item2_gray.png"]],"res/atlas/images/follow.atlas":["images/follow/",["server_get_btn.png"]],"res/atlas/images/guide.atlas":["images/guide/",["guide_jiantou2.png","icon_duihuakuang4.png"]],"res/atlas/images/hall.atlas":["images/hall/",["acce_effect.png","adventure_btn_skill.png","battle_title_bg.png","box_lucky.png","daojishi_di.png","feedback_btn.png","game_dailyPrizeBtn.png","game_deleteBtn.png","game_exp_pro$bar.png","game_exp_pro.png","game_followPrizeBtn.png","game_lockIcon.png","game_luckPrizeBtn.png","game_menu1.png","game_menu2.png","game_rankingBtn.png","game_running_num1.png","game_running_num2.png","game_shareBtn.png","game_taskBtn.png","hall_currency_up.png","home_menu_music1.png","home_menu_music2.png","home_menu_server.png","hp_pro$bar.png","hp_pro.png","jiangling.png","jiasu.png","jiasu_text.png","jptj.png","lv_001.png","revive_pro$bar.png","revive_pro.png","ui_wenhaol.png","zhaomu.png","zjm_di01.png"]],"res/atlas/images/login.atlas":["images/login/",["start_btn.png"]],"res/atlas/images/luckPrize.atlas":["images/luckPrize/",["luck_1.png","luck_2.png","luck_8.png","luck_go.png","luck_huanpan.png","luck_item_box.png","luck_item_title_2.png","luck_item_title_8.png","luck_label_bg.png","luck_lottery_bg.png","luck_price_bg.png","luck_prize_1.png","luck_prize_3.png","luck_prize_4.png","luck_prize_5.png","luck_prize_6.png","luck_prize_7.png","luck_prize_8.png"]],"res/atlas/images/rank.atlas":["images/rank/",["cell_bg.png","cell_coin_bg.png","cell_gps.png","cell_top1.png","cell_top2.png","cell_top3.png","coin.png","headIcon.png","mytop.png","rank_king.jpg","surpass_bg.png","tap_ranking.png"]],"res/atlas/images/shop.atlas":["images/shop/",["shop_buy_btn.png","shop_cell_bg.png","shop_cell_name.png","shop_diamond_buy.png","shop_free_share.png","shop_free_video.png"]],"res/atlas/images/task.atlas":["images/task/",["game_task_cell_bg.png","game_task_cell_icon.png"]]}