{"type":"View","props":{"width":126,"height":127},"compId":2,"child":[{"type":"Image","props":{"y":0,"x":0,"var":"imgHead","skin":"images/hall/ui_wenhaol.png"},"compId":7},{"type":"Sprite","props":{"y":36,"x":41,"var":"imgLock","texture":"images/hall/game_lockIcon.png"},"compId":4},{"type":"ProgressBar","props":{"y":2,"x":1,"visible":false,"var":"reviveBar","value":0.5,"skin":"images/hall/revive_pro.png","scaleY":0.5,"scaleX":0.32},"compId":9},{"type":"ProgressBar","props":{"y":2,"x":1,"visible":false,"var":"hpBar","value":0.5,"skin":"images/hall/hp_pro.png","scaleY":0.5,"scaleX":0.32},"compId":8},{"type":"Sprite","props":{"y":77,"x":-2,"visible":false,"var":"boxLevel","texture":"images/hall/lv_001.png"},"compId":3,"child":[{"type":"Label","props":{"y":16,"x":11,"width":28,"var":"txt_level","text":"1","fontSize":20,"color":"#fff1ba","align":"center"},"compId":6}]}],"loadList":["images/hall/ui_wenhaol.png","images/hall/game_lockIcon.png","images/hall/revive_pro.png","images/hall/hp_pro.png","images/hall/lv_001.png"],"loadList3D":[]}