{"type":"View","props":{"width":99,"runtime":"module/hall/view/item/SystemBtn.ts","height":103},"compId":2,"child":[{"type":"Button","props":{"y":0,"x":0,"var":"btn_system","stateNum":1,"skin":"images/hall/game_dailyPrizeBtn.png"},"compId":3,"child":[{"type":"Script","props":{"runtime":"module/common/component/ScaleAnimScript.ts"},"compId":4},{"type":"Sprite","props":{"y":0,"x":70,"visible":false,"var":"imgRenPoint","texture":"images/common/red_point_big.png","scaleY":0.8,"scaleX":0.8},"compId":5}]}],"loadList":["images/hall/game_dailyPrizeBtn.png","images/common/red_point_big.png"],"loadList3D":[]}