{"type":"View","props":{"width":744,"height":966},"compId":2,"child":[{"type":"Box","props":{"y":0,"x":0},"compId":16,"child":[{"type":"Sprite","props":{"texture":"images/daySign/day_prize_bg.png"},"compId":3},{"type":"Button","props":{"y":820,"x":261,"var":"btn_get","stateNum":1,"skin":"images/daySign/day_prize_getBtn.png"},"compId":4,"child":[{"type":"Script","props":{"runtime":"module/common/component/ScaleAnimScript.ts"},"compId":5}]},{"type":"Button","props":{"y":629,"x":74,"var":"btn_lastGet","stateNum":1,"skin":"images/daySign/day_prize_item2_gray.png"},"compId":6,"child":[{"type":"Image","props":{"y":125,"x":268,"var":"imgGet","skin":"images/daySign/day_prize_get_no.png"},"compId":7},{"type":"Label","props":{"y":124,"x":83,"var":"txt_diamond","text":"x100","strokeColor":"#c0ac04","stroke":4,"fontSize":40,"color":"#fff09e"},"compId":8},{"type":"Label","props":{"y":7,"x":185,"width":219,"var":"txt_title","text":"第7天","strokeColor":"#000000","stroke":2,"height":30,"fontSize":30,"color":"#ffffff","align":"center"},"compId":9},{"type":"Script","props":{"runtime":"module/common/component/ScaleAnimScript.ts"},"compId":10}]},{"type":"Button","props":{"y":21,"x":608,"var":"btn_close","stateNum":1,"skin":"images/component/game_close_btn.png"},"compId":14,"child":[{"type":"Script","props":{"runtime":"module/common/component/ScaleAnimScript.ts"},"compId":15}]},{"type":"List","props":{"y":118,"x":77,"var":"lists","spaceY":5,"spaceX":25,"repeatY":2,"repeatX":3},"compId":11,"child":[{"type":"Box","props":{"renderType":"render"},"compId":13,"child":[{"type":"DaySignItem","props":{"y":0,"x":0,"runtime":"module/daySign/view/DaySignItem.ts","name":"item"},"compId":12}]}]}]}],"loadList":["images/daySign/day_prize_bg.png","images/daySign/day_prize_getBtn.png","images/daySign/day_prize_item2_gray.png","images/daySign/day_prize_get_no.png","images/component/game_close_btn.png","moduleView/daySign/DaySignItem.scene"],"loadList3D":[]}