{"type":"View","props":{"width":178,"height":250},"compId":2,"child":[{"type":"Button","props":{"y":0,"x":0,"var":"btn_get","stateNum":1,"skin":"images/daySign/day_prize_item1_gray.png"},"compId":3,"child":[{"type":"Image","props":{"y":161,"x":37,"visible":true,"var":"imgGet","skin":"images/daySign/day_prize_get_no.png"},"compId":4},{"type":"Label","props":{"y":113,"x":87,"var":"txt_diamond","text":"x100","strokeColor":"#c0ac04","stroke":4,"fontSize":30,"color":"#fff09e"},"compId":5},{"type":"Label","props":{"y":11,"x":24,"width":130,"var":"txt_title","text":"第7天","strokeColor":"#000000","stroke":2,"height":30,"fontSize":30,"color":"#ffffff","align":"center"},"compId":6},{"type":"Script","props":{"runtime":"module/common/component/ScaleAnimScript.ts"},"compId":8}]}],"loadList":["images/daySign/day_prize_item1_gray.png","images/daySign/day_prize_get_no.png"],"loadList3D":[]}