{"type":"View","props":{"width":505,"height":108},"compId":2,"child":[{"type":"Image","props":{"y":0,"x":0,"width":505,"var":"btn_user","skin":"images/hall/zjm_di01.png","sizeGrid":"0,148,0,544","height":108},"compId":3,"child":[{"type":"Label","props":{"y":30,"x":26,"var":"txt_level","text":"Lv.1","strokeColor":"#060606","stroke":2,"fontSize":34,"color":"#ffffff"},"compId":4},{"type":"Label","props":{"y":51,"x":173.369140625,"var":"txt_Income","text":"1000/每秒","fontSize":24,"color":"#7a3716"},"compId":8},{"type":"Sprite","props":{"y":19,"x":111,"var":"imgGold","texture":"images/common/coin.png"},"compId":5,"child":[{"type":"Label","props":{"y":-2,"x":60,"var":"txt_gold","text":"1000","fontSize":30,"color":"#7a3716"},"compId":6}]},{"type":"Sprite","props":{"y":28,"x":317,"var":"imgDiamond","texture":"images/common/game_diamondIcon.png"},"compId":9,"child":[{"type":"Label","props":{"y":5,"x":67,"var":"txt_diamond","text":"0","fontSize":30,"color":"#7a3716"},"compId":10}]},{"type":"ProgressBar","props":{"y":46,"x":173,"width":130,"var":"expBar","value":0,"skin":"images/hall/game_exp_pro.png","height":6},"compId":7}]}],"loadList":["images/hall/zjm_di01.png","images/common/coin.png","images/common/game_diamondIcon.png","images/hall/game_exp_pro.png"],"loadList3D":[]}