{"type":"Scene","props":{"width":750,"runtime":"module/hall/view/HallScene.ts","height":1334,"drawCallOptimize":true},"compId":2,"child":[{"type":"Box","props":{"y":0,"x":0,"var":"box_farground"},"compId":5,"child":[{"type":"Sprite","props":{"y":0,"x":0,"var":"fargroundOne","texture":"images/map/map1_rolling_b.jpg","height":367},"compId":3},{"type":"Sprite","props":{"y":0,"x":750,"var":"fargroundTwo","texture":"images/map/map1_rolling_b.jpg","height":367},"compId":4}]},{"type":"Box","props":{"y":-1,"x":0,"var":"box_foreground"},"compId":9,"child":[{"type":"Sprite","props":{"y":0,"x":0,"var":"foregroundOne","texture":"images/map/map1_rolling_a.png","height":777},"compId":7},{"type":"Sprite","props":{"y":0,"x":750,"var":"foregroundTwo","texture":"images/map/map1_rolling_a.png","height":777},"compId":8}]},{"type":"Box","props":{"y":710,"x":0,"var":"box_obstacle"},"compId":32,"child":[{"type":"Sprite","props":{"var":"obstacleOne","texture":"images/map/map01.png"},"compId":30},{"type":"Sprite","props":{"x":750,"var":"obstacleTwo","texture":"images/map/map01.png"},"compId":31}]},{"type":"View","props":{"y":407,"x":0,"width":750,"var":"beginEventView","height":370},"compId":11},{"type":"Sprite","props":{"y":777,"x":0,"texture":"images/hall/bg.jpg"},"compId":12},{"type":"Sprite","props":{"y":681,"x":663,"var":"imgDelete","texture":"images/hall/game_deleteBtn.png","alpha":0.5},"compId":28},{"type":"Image","props":{"y":215,"x":212,"width":326,"var":"map_name","skin":"images/hall/battle_title_bg.png","sizeGrid":"19,94,15,99","height":67},"compId":114,"child":[{"type":"Label","props":{"y":13,"x":59,"width":208,"var":"txt_mapName","text":"洛阳","strokeColor":"#734f4f","stroke":2,"fontSize":40,"color":"#ffffff","align":"center"},"compId":115}]},{"type":"Button","props":{"y":1242,"x":269,"var":"btn_recruit","stateNum":1,"skin":"images/hall/zhaomu.png"},"compId":13,"child":[{"type":"Sprite","props":{"y":44,"x":25,"texture":"images/common/coin.png","scaleY":0.7,"scaleX":0.7},"compId":14},{"type":"Label","props":{"y":49,"x":59.5,"var":"txt_price","text":"1000","fontSize":30,"color":"#ffffff"},"compId":15},{"type":"Label","props":{"y":55,"x":130,"width":50,"var":"txt_level","text":"Lv.1","height":22,"fontSize":22,"color":"#000000","align":"right"},"compId":16},{"type":"Script","props":{"runtime":"module/common/component/ScaleAnimScript.ts"},"compId":60}]},{"type":"Button","props":{"y":703,"x":147.5,"visible":false,"var":"btn_heroStore","stateNum":1,"skin":"images/hall/box_lucky.png"},"compId":64,"child":[{"type":"Script","props":{"runtime":"module/common/component/ScaleAnimScript.ts"},"compId":65}]},{"type":"Image","props":{"y":741,"x":6,"var":"imgBattleCount","skin":"images/hall/game_running_num1.png"},"compId":41,"child":[{"type":"Label","props":{"y":5,"x":16,"width":83,"var":"txt_battleCount","text":"0","height":24,"fontSize":24,"color":"#000000","align":"center"},"compId":42},{"type":"Sprite","props":{"y":-2,"x":82.5,"var":"imgBattleGold","texture":"images/common/coin.png","scaleY":0.7,"scaleX":0.7},"compId":43}]},{"type":"Button","props":{"y":1243.5,"x":0,"var":"btn_acc","stateNum":1,"skin":"images/component/anjian_003.png"},"compId":17,"child":[{"type":"Sprite","props":{"y":18,"x":52,"texture":"images/hall/jiasu.png"},"compId":18},{"type":"Sprite","props":{"y":-108,"x":0,"visible":false,"var":"imgAccTips","texture":"images/hall/jiasu_text.png"},"compId":44},{"type":"Sprite","props":{"y":-12,"x":0,"visible":false,"var":"imgAcce","texture":"images/hall/daojishi_di.png"},"compId":45,"child":[{"type":"Label","props":{"y":8,"x":4,"width":87,"var":"txt_accTimes","text":"00:00","height":28,"fontSize":28,"color":"#ffffff","align":"center"},"compId":47}]},{"type":"Sprite","props":{"y":42.5,"x":200,"visible":false,"var":"imgAccAdv","texture":"images/common/video_icon.png"},"compId":46},{"type":"Script","props":{"runtime":"module/common/component/ScaleAnimScript.ts"},"compId":61}]},{"type":"Button","props":{"y":1244,"x":486,"var":"btn_shop","stateNum":1,"skin":"images/component/anjian_003.png"},"compId":19,"child":[{"type":"Sprite","props":{"y":18,"x":82,"texture":"images/hall/jiangling.png"},"compId":20},{"type":"Script","props":{"runtime":"module/common/component/ScaleAnimScript.ts"},"compId":59},{"type":"Image","props":{"y":-4,"x":184,"width":80,"visible":false,"var":"imgFree","skin":"images/common/red_point_big.png","sizeGrid":"17,17,17,15","height":36},"compId":125,"child":[{"type":"Label","props":{"y":5,"x":16,"text":"免费","fontSize":24,"color":"#ffffff"},"compId":126}]}]},{"type":"Image","props":{"y":971,"x":-78,"visible":false,"skin":"images/guide/guide_jiantou2.png","anchorY":0.5,"anchorX":0.5},"compId":107},{"type":"Image","props":{"y":0,"x":0,"width":100,"var":"imgHead","height":100},"compId":116},{"type":"CurrencyView","props":{"y":0,"x":117,"runtime":"module/hall/view/CurrencyView.ts"},"compId":40},{"type":"List","props":{"y":813,"x":16,"width":720,"var":"lists_head","spaceY":13,"spaceX":22,"selectEnable":true,"repeatY":3,"repeatX":5,"height":414,"drawCallOptimize":true},"compId":21,"child":[{"type":"Box","props":{"renderType":"render"},"compId":27,"child":[{"type":"HeadItem","props":{"y":0,"x":0,"runtime":"module/hall/view/item/HeadItem.ts","name":"hero"},"compId":25}]}]},{"type":"WXOpenDataViewer","props":{"y":110,"x":670,"width":80,"var":"surpassView","iconSign":"wx","height":150,"drawCallOptimize":true,"runtime":"laya.ui.WXOpenDataViewer"},"compId":120},{"type":"List","props":{"visible":false,"var":"list_btn","top":110,"repeatX":5,"left":0},"compId":127,"child":[{"type":"Box","props":{"renderType":"render"},"compId":129,"child":[{"type":"SystemBtn","props":{"y":0,"x":0,"name":"item","runtime":"module/hall/view/item/SystemBtn.ts"},"compId":128}]}]}],"loadList":["images/map/map1_rolling_b.jpg","images/map/map1_rolling_a.png","images/map/map01.png","images/hall/bg.jpg","images/hall/game_deleteBtn.png","images/hall/battle_title_bg.png","images/hall/zhaomu.png","images/common/coin.png","images/hall/box_lucky.png","images/hall/game_running_num1.png","images/component/anjian_003.png","images/hall/jiasu.png","images/hall/jiasu_text.png","images/hall/daojishi_di.png","images/common/video_icon.png","images/hall/jiangling.png","images/common/red_point_big.png","images/guide/guide_jiantou2.png","moduleView/hall/CurrencyView.scene","moduleView/hall/item/HeadItem.scene","moduleView/hall/item/SystemBtn.scene"],"loadList3D":[]}