{"type":"View","props":{"y":470,"width":337,"height":470,"anchorY":1},"compId":2,"child":[{"type":"Image","props":{"y":0,"x":0,"width":337,"skin":"images/component/tipskuang.png","sizeGrid":"57,50,36,44","height":470},"compId":3},{"type":"Label","props":{"y":24,"x":24,"text":"名字：","fontSize":30,"color":"#ffffff"},"compId":4},{"type":"Label","props":{"y":25,"x":105,"var":"txt_name","text":"David","fontSize":30,"color":"#ffffff"},"compId":5},{"type":"Label","props":{"y":115,"x":24,"text":"每秒产出金币：","fontSize":30,"color":"#ffffff"},"compId":8},{"type":"Label","props":{"y":116,"x":222,"var":"txt_secCoin","text":"25","fontSize":30,"color":"#ffffff"},"compId":9},{"type":"Label","props":{"y":158,"x":24,"text":"出售价格：","fontSize":30,"color":"#ffffff"},"compId":10},{"type":"Label","props":{"y":160,"x":161.9853515625,"var":"txt_sellPrice","text":"80","fontSize":30,"color":"#ffffff"},"compId":11},{"type":"Label","props":{"y":71,"x":24,"text":"移动速度：","fontSize":30,"color":"#ffffff"},"compId":12},{"type":"Label","props":{"y":74,"x":161.9853515625,"var":"txt_speed","text":"5","fontSize":30,"color":"#ffffff"},"compId":13}],"loadList":["images/component/tipskuang.png"],"loadList3D":[]}