{"type":"View","props":{"width":477,"height":745},"compId":2,"child":[{"type":"Box","props":{"y":0,"x":0,"width":477,"height":745},"compId":14,"child":[{"type":"SkeletonPlayer","props":{"y":342,"x":239,"url":"images/boneAnim/common/bglight.sk","runtime":"laya.ani.bone.Skeleton"},"compId":6},{"type":"Sprite","props":{"texture":"images/component/common_title_bg.png"},"compId":3},{"type":"Label","props":{"y":28,"x":149,"text":"新武将","strokeColor":"#5e2818","stroke":2,"fontSize":60,"color":"#fff4c0"},"compId":4},{"type":"Label","props":{"y":153,"x":51,"width":376,"var":"txt_name","text":"武将","fontSize":40,"color":"#ffffff","align":"center"},"compId":5},{"type":"Label","props":{"y":546,"x":51,"width":376,"var":"txt_exp","text":"经验:0","fontSize":40,"color":"#ffffff","align":"center"},"compId":7},{"type":"Label","props":{"y":598,"x":50,"width":376,"var":"txt_income","text":"收益:0","fontSize":40,"color":"#ffffff","align":"center"},"compId":8},{"type":"Button","props":{"y":663,"x":77,"width":324,"var":"btn_reward","stateNum":1,"skin":"images/component/game_diamond_buy_btn.png","sizeGrid":"35,64,32,62","height":76},"compId":9,"child":[{"type":"Label","props":{"y":23,"x":180,"var":"txt_price","text":"+0","fontSize":30,"color":"#731d0e"},"compId":10},{"type":"Sprite","props":{"y":10,"x":127,"texture":"images/common/coin.png"},"compId":11},{"type":"Label","props":{"y":20,"x":45,"text":"炫耀","fontSize":36,"color":"#731d0e"},"compId":12}]},{"type":"Label","props":{"y":754,"x":168,"text":"点击空白处关闭","fontSize":20,"color":"#ffffff","align":"center"},"compId":13}]}],"loadList":["images/boneAnim/common/bglight.sk","images/component/common_title_bg.png","images/component/game_diamond_buy_btn.png","images/common/coin.png"],"loadList3D":[]}