{"type":"View","props":{"width":650,"height":475},"compId":2,"child":[{"type":"Box","props":{"y":0,"x":0,"width":650,"height":475},"compId":14,"child":[{"type":"Image","props":{"y":62,"width":650,"skin":"images/component/common_bg_frame.png","sizeGrid":"85,86,84,66","height":413},"compId":4},{"type":"Sprite","props":{"x":140,"texture":"images/component/title_bg_01.png"},"compId":3},{"type":"ProgressBar","props":{"y":132,"x":191,"width":268,"var":"expBar","value":0,"skin":"images/hall/game_exp_pro.png","height":12},"compId":6},{"type":"Label","props":{"y":18,"x":225,"text":"等级说明","strokeColor":"#5e2818","stroke":2,"fontSize":50,"color":"#fff4c0"},"compId":5},{"type":"Label","props":{"y":145,"x":245,"width":160,"var":"txt_exp","text":"0/100","height":30,"fontSize":30,"color":"#722900","align":"center"},"compId":7},{"type":"Label","props":{"y":213,"x":90,"text":"当前铜钱秒产","fontSize":30,"color":"#605848","align":"center"},"compId":8},{"type":"Label","props":{"y":282,"x":90,"text":"当前兵营数量","fontSize":30,"color":"#605848","align":"center"},"compId":9},{"type":"Label","props":{"y":348,"x":90,"text":"当前上阵人数","fontSize":30,"color":"#605848","align":"center"},"compId":10},{"type":"Label","props":{"y":213,"x":325,"var":"txt_price","text":"无","fontSize":30,"color":"#722900","align":"center"},"compId":11},{"type":"Label","props":{"y":282,"x":325,"var":"txt_heroCount","text":"无","fontSize":30,"color":"#722900","align":"center"},"compId":12},{"type":"Label","props":{"y":348,"x":325,"var":"txt_battleCount","text":"无","fontSize":30,"color":"#722900","align":"center"},"compId":13},{"type":"Label","props":{"y":484,"x":255,"text":"点击空白处关闭","fontSize":20,"color":"#ffffff","align":"center"},"compId":15},{"type":"Label","props":{"y":430,"x":60,"text":"ID：","fontSize":24,"color":"#722900","align":"center"},"compId":16},{"type":"Label","props":{"y":431,"x":97,"var":"txt_userId","text":"0","fontSize":24,"color":"#722900","align":"center"},"compId":17}]}],"loadList":["images/component/common_bg_frame.png","images/component/title_bg_01.png","images/hall/game_exp_pro.png"],"loadList3D":[]}