{"type":"Scene","props":{"width":750,"height":1334},"compId":2,"child":[{"type":"Sprite","props":{"y":0,"x":0,"texture":"images/follow/server_bj.jpg"},"compId":3},{"type":"Button","props":{"y":531,"x":228.5,"var":"btn_get","stateNum":1,"skin":"images/follow/server_get_btn.png"},"compId":4,"child":[{"type":"Script","props":{"runtime":"module/common/component/ScaleAnimScript.ts"},"compId":7}]},{"type":"Button","props":{"y":89,"x":41,"var":"btn_close","stateNum":1,"skin":"images/component/off.png"},"compId":5,"child":[{"type":"Script","props":{"runtime":"module/common/component/ScaleAnimScript.ts"},"compId":6}]}],"loadList":["images/follow/server_bj.jpg","images/follow/server_get_btn.png","images/component/off.png"],"loadList3D":[]}