{"type":"View","props":{"width":300,"runtime":"module/guide/view/GuideSpeakView.ts","height":127},"compId":2,"child":[{"type":"Image","props":{"y":0,"x":0,"width":300,"skin":"images/guide/icon_duihuakuang4.png","sizeGrid":"22,55,83,76","mouseThrough":false,"mouseEnabled":false,"height":127},"compId":3},{"type":"Label","props":{"y":8,"x":60,"wordWrap":true,"width":225,"var":"txt_content","valign":"middle","text":"内容","mouseThrough":false,"mouseEnabled":false,"height":102,"fontSize":22,"align":"center"},"compId":4}],"loadList":["images/guide/icon_duihuakuang4.png"],"loadList3D":[]}