{"type":"View","props":{"width":594,"runtime":"module/shop/view/ShopItem.ts","height":166},"compId":2,"child":[{"type":"Sprite","props":{"y":0,"x":0,"texture":"images/shop/shop_cell_bg.png"},"compId":3},{"type":"Image","props":{"y":19.5,"x":73,"width":126,"var":"imgIcon","height":127},"compId":5},{"type":"Button","props":{"y":38,"x":227,"visible":false,"var":"btn_buyDiamond","stateNum":1,"skin":"images/shop/shop_diamond_buy.png"},"compId":10,"child":[{"type":"Script","props":{"runtime":"module/common/component/ScaleAnimScript.ts"},"compId":22}]},{"type":"Button","props":{"y":38,"x":242.5,"visible":false,"var":"btn_adv","stateNum":1,"skin":"images/shop/shop_free_video.png"},"compId":11,"child":[{"type":"Script","props":{"runtime":"module/common/component/ScaleAnimScript.ts"},"compId":23}]},{"type":"Button","props":{"y":45,"x":352,"visible":false,"var":"btn_buy","stateNum":1,"skin":"images/shop/shop_buy_btn.png"},"compId":12,"child":[{"type":"Sprite","props":{"y":11,"x":14,"texture":"images/common/coin.png"},"compId":13},{"type":"Label","props":{"y":24,"x":68.7958984375,"var":"txt_price","text":"+0","fontSize":30,"color":"#000000","align":"left"},"compId":15},{"type":"Script","props":{"runtime":"module/common/component/ScaleAnimScript.ts"},"compId":24}]},{"type":"Button","props":{"y":45,"x":352,"visible":false,"var":"btn_buyLock","stateNum":1,"skin":"images/shop/shop_buy_btn.png","disabled":true},"compId":6,"child":[{"type":"Sprite","props":{"y":11,"x":33,"texture":"images/hall/game_lockIcon.png"},"compId":7},{"type":"Image","props":{"y":-15.5,"x":109,"width":126,"var":"imgHero","scaleY":0.7,"scaleX":0.7,"height":127},"compId":9},{"type":"Label","props":{"y":18,"x":129,"width":50,"var":"txt_unlockLevel","text":"0","height":40,"fontSize":40,"color":"#5e2818","align":"center"},"compId":8},{"type":"Script","props":{"runtime":"module/common/component/ScaleAnimScript.ts"},"compId":21}]},{"type":"Box","props":{"y":16,"x":20,"var":"boxName"},"compId":20,"child":[{"type":"Sprite","props":{"var":"imgName"},"compId":19,"child":[{"type":"Sprite","props":{"y":-0.5,"texture":"images/shop/shop_cell_name.png"},"compId":4},{"type":"Label","props":{"y":40.5,"x":5,"width":30,"var":"txt_name","text":"答\\n应","height":80,"fontSize":22,"color":"#651303","align":"center"},"compId":17},{"type":"Label","props":{"y":8.5,"x":3,"width":30,"var":"txt_level","text":"0","fontSize":20,"color":"#651303","align":"center"},"compId":18}]}]}],"loadList":["images/shop/shop_cell_bg.png","images/shop/shop_diamond_buy.png","images/shop/shop_free_video.png","images/shop/shop_buy_btn.png","images/common/coin.png","images/hall/game_lockIcon.png","images/shop/shop_cell_name.png"],"loadList3D":[]}