{"type":"View","props":{"width":656,"height":938,"drawCallOptimize":true},"compId":2,"child":[{"type":"Box","props":{"width":656},"compId":5,"child":[{"type":"Image","props":{"y":62,"x":0,"width":656,"skin":"images/component/common_bg_frame.png","sizeGrid":"77,68,77,73","height":876},"compId":3},{"type":"Sprite","props":{"y":0,"x":143,"texture":"images/component/title_bg_01.png"},"compId":4},{"type":"List","props":{"y":170,"x":30,"width":594,"var":"lists","spaceY":5,"repeatX":1,"height":716},"compId":6,"child":[{"type":"Box","props":{"renderType":"render"},"compId":21,"child":[{"type":"ShopItem","props":{"y":0,"x":0,"name":"shopItem","runtime":"module/shop/view/ShopItem.ts"},"compId":20}]}]},{"type":"Box","props":{"y":101,"x":89},"compId":11,"child":[{"type":"Sprite","props":{"y":4,"x":6,"texture":"images/component/game_diamond_bg.png"},"compId":8},{"type":"Sprite","props":{"texture":"images/common/coin.png"},"compId":9},{"type":"Label","props":{"y":8,"x":53,"var":"txt_gold","text":"1000","fontSize":40,"color":"#651303"},"compId":10}]},{"type":"Box","props":{"y":101,"x":354},"compId":12,"child":[{"type":"Sprite","props":{"y":4,"x":6,"texture":"images/component/game_diamond_bg.png"},"compId":13},{"type":"Sprite","props":{"y":7,"x":-11,"texture":"images/common/game_diamondIcon.png"},"compId":14},{"type":"Label","props":{"y":8,"x":53,"var":"txt_diamond","text":"1000","fontSize":40,"color":"#651303"},"compId":15}]},{"type":"Label","props":{"y":18,"x":253,"text":"武将阁","strokeColor":"#5e2818","stroke":2,"fontSize":50,"color":"#fff4c0"},"compId":16},{"type":"Button","props":{"y":32,"x":560,"var":"btn_close","stateNum":1,"skin":"images/component/game_close_btn.png"},"compId":17,"child":[{"type":"Script","props":{"runtime":"module/common/component/ScaleAnimScript.ts"},"compId":22}]}]}],"loadList":["images/component/common_bg_frame.png","images/component/title_bg_01.png","moduleView/shop/ShopItem.scene","images/component/game_diamond_bg.png","images/common/coin.png","images/common/game_diamondIcon.png","images/component/game_close_btn.png"],"loadList3D":[]}